Fitness,Precision,F1_Score
0.9452448123631371,1.0,0.9718517755251871
0.9655682295385547,1.0,0.9824825361216137
0.9877800862624374,1.0,0.993852482061766
0.9983748240863335,1.0,0.9991867512069916
0.9997677751743671,1.0,0.9998838741035254
0.9997677751743671,1.0,0.9998838741035254
0.9997677751743671,0.9288467792848807,0.9630032873664532
0.9997677751743671,0.9288467792848807,0.9630032873664532
0.9997677751743671,0.9288467792848807,0.9630032873664532
0.9997677751743671,0.9288467792848807,0.9630032873664532
0.9997677751743671,0.9288467792848807,0.9630032873664532
0.9997677751743671,0.9288467792848807,0.9630032873664532
0.9997677751743671,0.9288467792848807,0.9630032873664532
0.9999782401501532,0.9525715996534325,0.9756994186988605
0.9999782401501532,0.9525715996534325,0.9756994186988605
0.9999782401501532,0.9525715996534325,0.9756994186988605
0.9999782401501532,0.9525715996534325,0.9756994186988605
0.9999782401501532,0.9525715996534325,0.9756994186988605
0.9999782401501532,0.9525715996534325,0.9756994186988605
0.9999782401501532,0.9525715996534325,0.9756994186988605
0.9999782401501532,0.9525715996534325,0.9756994186988605
0.9999782401501532,0.9525715996534325,0.9756994186988605
0.9999782401501532,0.9525715996534325,0.9756994186988605
0.9999782401501532,0.9525715996534325,0.9756994186988605
0.9999782401501532,0.9525715996534325,0.9756994186988605
0.9999782401501532,0.9525715996534325,0.9756994186988605
0.9999782401501532,0.9525715996534325,0.9756994186988605
0.9999782401501532,0.9525715996534325,0.9756994186988605
0.9999782401501532,0.9525715996534325,0.9756994186988605
0.9999782401501532,0.9525715996534325,0.9756994186988605
0.9999782401501532,0.9525715996534325,0.9756994186988605
0.9999782401501532,0.9525715996534325,0.9756994186988605
0.9999782401501532,0.9525715996534325,0.9756994186988605
0.9999782401501532,0.9525715996534325,0.9756994186988605
0.9999782401501532,0.9525715996534325,0.9756994186988605
