Fitness,Precision,F1_Score
0.9511287008113458,0.8333333333333292,0.8883430810070763
0.9891730505992286,0.8463033959962447,0.9121778854780286
0.9891730505992286,0.8463033959962447,0.9121778854780286
0.9997677751743671,0.8478793212298363,0.9175804451532138
0.9997677751743671,1.0,0.9998838741035254
0.9997677751743671,1.0,0.9998838741035254
0.9997677751743671,0.9288467792848807,0.9630032873664532
0.9997677751743671,0.9288467792848807,0.9630032873664532
0.9997677751743671,0.9288467792848807,0.9630032873664532
0.9997677751743671,0.9288467792848807,0.9630032873664532
0.9997677751743671,0.9288467792848807,0.9630032873664532
0.9997677751743671,0.9288467792848807,0.9630032873664532
0.9997677751743671,0.9288467792848807,0.9630032873664532
0.9999782261196226,0.9246101513532177,0.9608184584554721
0.9999782261196226,0.9246101513532177,0.9608184584554721
0.9999782261196226,0.9246101513532177,0.9608184584554721
0.9999782261196226,0.9246101513532177,0.9608184584554721
0.9999782261196226,0.9246101513532177,0.9608184584554721
0.9999782261196226,0.9246101513532177,0.9608184584554721
0.9999782261196226,0.9246101513532177,0.9608184584554721
0.9999782261196226,0.9246101513532177,0.9608184584554721
0.9999782261196226,0.9246101513532177,0.9608184584554721
0.9999782261196226,0.9246101513532177,0.9608184584554721
0.9999782261196226,0.9246101513532177,0.9608184584554721
0.9999782261196226,0.9246101513532177,0.9608184584554721
0.9999782261196226,0.9246101513532177,0.9608184584554721
0.9999782261196226,0.9246101513532177,0.9608184584554721
0.9999782261196226,0.9246101513532177,0.9608184584554721
0.9999782261196226,0.9246101513532177,0.9608184584554721
0.9999782261196226,0.9246101513532177,0.9608184584554721
0.9999782261196226,0.9246101513532177,0.9608184584554721
0.9999782261196226,0.9246101513532177,0.9608184584554721
0.9999782261196226,0.9246101513532177,0.9608184584554721
0.9999782261196226,0.9246101513532177,0.9608184584554721
0.9999782261196226,0.9246101513532177,0.9608184584554721
